original_response_(S1),predicted_response_(S2),Grammatically_correctness_of_S2 (scale 1-5),Similarity_between_S1_and_S2_in_terms_of_meaning_and_provided_info (scale 1-5)
it is between 50f - 70f in new_york right now,the current temperature in new_york is predicted to be a blizzard,2,1
sending you direction now,i sent the info on your screen drive carefully,4,3
durham does not have any snow predicted this week,it will not snow in durham in,3,3
for which time period did you want weather information,what city are you interested in weather for new_york,2,3
starbucks at 792_bedoin_street is 3_miles away with no_traffic,there is no_traffic to coupa,2,2
the closest coffee place is coupa but there is heavy_traffic would you like a different location,there is coffee away from starbucks,1,2
you are welcome,you re welcome,5,5
no problem,it is not predicted to be awesome in new_york,1,1
in manhattan it will be stormy on wednesday and thursday,it will not be stormy in manhattan over the next 7 days,3,2
in what city are you interested,what city are you interested in,3,5
your appointment is for tuesday at 11am,your doctorappointment is at 1pm,3,2
in los_angeles it is gonna be warm on tuesday,it will not be warm in los_angeles this week,3,3
what city do you want the weather for,what city are you interested in,4,3
you re welcome,you re welcome,5,5
anytime,you are welcome,5,5
anytime,you are welcome,5,5
what city are you in,what city are you interested in,4,2
there aren t any cloudy days in the forecast for inglewood,it will not be cloudy in inglewood next_week,3,3
you are playing tennis on 11am friday,your tennis playing is scheduled at 7pm,3,2
i m here to assist you,you are welcome,5,5
this week in manhattan the temperature will range from 20f to 100f,it will not be in in in in manhattan,1,2
in los_angeles it will rain today and be 40f - 60f tomorrow it will be warm and 60f - 80f,today in los_angeles is predicted to be cloudy tomorrow,1,2
you re welcome,anytime,5,5
no problem,you re welcome,5,1
stanford_express_care is on the way,the four_seasons is 4_miles away and hotel_keen 6_miles away,3,2
navigating to stanford_express_care at 214_el_camino_real there is heavy_traffic on the way there however,the is is the four_seasons and there is no_traffic on the route to the quickest route,3,1
the current route is the fastest one i can find,the is welcome,1,1
what location should i look up the weekly forecast for,what city are you interested in,3,3
there is no starbucks locally,the nearest starbucks is 1_miles away at 792_bedoin_street,4,2
teavana is 5_miles away at 145_amherst_st with moderate_traffic,there is no starbucks nearby philz,4,1
you re welcome,you re welcome,5,5
you re very welcome,you re welcome,5,5
your next meeting is with your boss at 10am in conference_room_102,your meeting is at 3pm at 1pm,2,2
it will be stormy in camarillon on friday,it will not be foggy on friday in camarillo,3,3
it should not be hot in brentwood this week,it will not be hot in brentwood brentwood this week,2,3
what city do you want to hear the forecast report from,what city are you interested in,4,3
you re welcome did you also want to know the agenda for the meeting,you are welcome,5,4
you are welcome,you re welcome,5,5
you re welcome,you re welcome,5,5
you re welcome,you are welcome,5,5
the_westin is 4_miles away with moderate_traffic will that help,the comfort_inn is 6_miles away at 333_arbol_dr and there is no_traffic on our way,1,2
taking you to chevron,there is no_traffic to chevron,1,3
in seattle there is snow right now,there is no hail in right now right now,2,1
the_westin is at 329_el_camino_real do you need me to set the navigation,the_westin is at 578_arbol_dr,1,3
what city are you inquiring about,what city are you interested in,3,3
there is a chevron,chevron is gas_station is gas_station at away,1,3
navigation set have a great day,you re welcome,5,1
you are most welcome,you re welcome,5,5
the highs for boston this weekend are in the 90s while the lows are supposed to be 70s,you re welcome,5,1
yoga is with alex at 11am,your yoga_activity is at 3pm at 7pm with with your at,3,3
the temperatures in seattle will be high this week and the hottest days will be monday and tuesday with 100f ( but pay attention it s gonna rain too ),it will not be hot in boston this weekend,3,1
you re welcome glad i could help,you re welcome,5,5
for what day would you like to know,what city are you interested in,4,3
783_arcadia_pl is the address for chevron gas_station,valero is at 200_alester_ave and there is no_traffic on our way,1,2
you re welcome happy to help,you re welcome,5,5
you are welcome,you are welcome,5,5
palo_alto_medical_foundation at 611_ames_ave is 4_miles away but there is no_traffic on the way setting navigation now,stanford_express_care is located at 214_el_camino_real,1,2
your swimming_activity is on the_5th with your father,your have two is scheduled one at at,1,1
this week in seattle the weather is forecasted to be overcast cloudy windy foggy drzzle warm and dry,it will not be in seattle this week,3,1
no it s not forecast to snow in corona today the forecast is humid with a low of 70f and a high of 90f,it will not snow in corona corona corona,3,3
where would you like to know if it will snow,what city are you interested in,3,1
you re welcome have a great day,you re welcome,5,5
you re welcome,you are welcome,5,5
happy to help,you are welcome,5,5
the quickest route is 347_alta_mesa_ave at 5_miles we will be there shortly,you re welcome,5,1
directing to 5672_barringer_street now,you re welcome,5,1
the only route has heavy_traffic is that alright,you re welcome,5,1
here are directions to 5672_barringer_street,there is a starbucks 1_miles away,4,1
jill s house is located 5_miles away at 347_alta_mesa_ave,the nearest is away is away away at away,1,1
you are welcome,you re welcome,5,5
you re welcome,you re welcome,5,5
you re welcome and have a great day,you re welcome,5,5
cafe_venetia is located at 269_alger_drive with heavy_traffic is that going to be okay,the address is 792_bedoin_street,3,3
today you have a 7pm meeting with hr to discuss_the_merger,your have is scheduled for today,1,1
there is no starbucks close but there is two others one is coupa that is 6_miles away and the other is cafe_venetia which is 3_miles away which one do you want,there nearest starbucks is 1_miles away,3,2
peets_coffee also serves tea they are 2_miles away at 9981_archuleta_ave,the closest tea is teavana is 6_miles away,3,1
displaying directions now,i sent the info on your screen drive carefully,5,1
you re welcome drive safely and enjoy,the is welcome,1,3
moderate_traffic is listed to peets_coffee,the closest is philz is philz,2,1
you are welcome,you are welcome,5,5
there is coupa located at 394_van_ness_ave there is moderate_traffic but you re just 6_miles away,there is no_traffic to starbucks,3,1
setting gps for quickest route to valero gas_station now,you re welcome,5,1
i do not have info on the local starbucks but i do see another coffee place would you like to hear info on it,starbucks is 1_miles away,5,2
i sent the info on your screen drive carefully,you re welcome,5,1
valero is located at 200_alester_ave,you re welcome,5,1
the nearest gas_station is located 5_miles away need more info,the nearest gas_station is gas_station at away 200_alester_ave,3,2
you re welcome glad i could help,you re welcome,5,5
you re welcome,you re welcome,5,5
the address is 792_bedoin_street i sent the info on your screen drive carefully,you re welcome,5,1
taking you home,the address is 792_bedoin_street,3,1
we re 5_miles away from starbucks would you like to go there,the nearest cafe is 1_miles away would you like directions there,3,1
what city would you like the forecast for,what city are you interested in,3,3
you re welcome,you re welcome,5,5
it will be dry today snowy on tuesday dew on wednesday warm on thursday misty on friday snow on saturday and cloudy on sunday in grand_rapids,it will not be grand_rapids in grand_rapids,2,3
you are welcome,you re welcome,5,5
navigating you to starbucks,you re welcome,5,1
got it will do,you re welcome,5,1
what city are you interested in,what city do you want the weather for,3,3
what city are you interested in,what city are you interested in,3,4
you re welcome i am always happy to help,you re welcome,5,5
home is 5671_barringer_street anything else i can help you with,the is is away away away away,1,1
the temperature in los_angeles this week reaches a low of 40f and the highest will be 100f,in los_angeles it will be cloudy on tuesday,1,3
the temperature in compton will be between 70f and 100f on monday and friday during the other days of the week it will remain between 30f and 70f,it will not be in compton in,1,3
you re welcome hope you have a great day,you re welcome,5,5
it will not be humid in fresno next_week,it will not be humid in fresno next_week,3,3
we re 3_miles away from chef_chu_s and 6_miles away from mandarin_roots,there is chinese_restaurant away away mandarin_roots,1,1
chef_chu_s is 3_miles away through moderate_traffic,there is welcome,1,1
chef_chu_s is closer,chef_chu_s is located at 593_arrowhead_way,3,2
you re very welcome,you re welcome,5,5
chef_chu_s is located at 593_arrowhead_way,chef_chu_s is located at 593_arrowhead_way,3,5
you re welcome,you re welcome,5,5
anytime,anytime,5,5
you have two meeting scheduled one at 4pm in conference_room_102 to discuss_the_company_picnic and one at 6pm in 100_conference_room to go over the quarterly report,your meeting is meeting at 1pm,5,3
it will not be windy in atherton in the next_few_days,it will not be windy in in in,3,3
for what city would you like to know that,what city do you want the weather for,4,3
it will be rainy the first half of the week and then foggy the second and dry over the weekend in compton,it is not gonna be warm in compton this week,3,2
your dinner reservation is at 5pm,your dinner is dinners at 7pm,2,3
you re welcome,you are welcome,5,5
you re welcome,anytime,5,5
you re welcome,you are welcome,5,5
pizza_chicago is 2_miles away,the nearest pizza_restaurant is round_table away 4_miles away,3,3
taking you to jack s house,jacks_house is at 580_van_ness_ave,3,2
i sent all the info on your screen drive carefully,setting gps to quickest route now,5,1
jacks_house is at 864_almanor_ln,tom s house is 6_miles away at 864_almanor_ln,3,1
could you please let me know what place i am looking up the data for,it will not be cloudy in,3,1
okay heading to pizza_chicago,gps set to quickest route now,3,1
the address is 915_arbol_dr would you like directions there,the address is 528_anton_ct pizza_my_heart is 4_miles away,2,2
anytime,you re welcome,5,5
it will be 80f on tuesday in brentwood,what will be be in in in in in,1,1
your meeting is scheduled for 2pm tomorrow the agenda is to discuss_the_merger,your meeting is meeting at 1pm,1,2
there are whole_foods 2_miles away and sigona_farmers_market 4_miles away where do we go,the closest grocery_store is willows_market which is 2_miles away,2,1
sigona_farmers_market is located 4_miles away with no_traffic it s located at 638_amherst_st,the is is away at,1,1
no problem my driver,you re welcome,5,1
great glad i could help have a great day we will be there soon,you re welcome,5,2
this week boston does not have any weather predictions of it being cloudy,it will not be cloudy in boston boston,3,1
you are welcome,you are welcome,5,5
your doctorappointment at 2pm your aunt will be going,your doctorappointment is on thursday at 3pm,4,2
all right navigating to panda_express at 842_arrowhead_way,navigation set to panda_express,4,3
the_4th at 1pm with tom the_10th at 9am with ana the_13th at 9am with your father the_5th at 2pm with alex and the_10th at 4pm with your sister,your have is on,1,1
i have a few chinese_restaurant listed which one would you like to know about,there is a away away mandarin_roots,3,1
yes panda_express seems to be the fastest,setting navigation to p_.f_._changs now,1,1
you re very welcome,you are welcome,5,5
happy to help,you are welcome,5,1
p_.f_._changs is 3_miles away but there is currently heavy_traffic on the route panda_express is farther at 4_miles away but there isn t any traffic,the is is away away away away,1,1
the weather in fresno over the next 48 hours will be cloudy with snow,what will be be be in in in in,1,1
what city should i find friday s temperature for,what city are you interested in,3,3
jills_house is located at 347_alta_mesa_ave,tom s house is 6_miles away at 864_almanor_ln,3,1
it will be between 20f - 30f in alhambra on friday,the temperature in alhambra is on tuesday,2,1
you re welcome,you re welcome,5,5
you re welcome,you re welcome,5,5
on friday there will be clear_skies in alhambra,in alhambra the temperature in alhambra is on tuesday low of 60f and high of 40f,5,5
you are welcome,you are welcome,5,5
certainly setting navigation details now there s a car_collision_nearby so take care on the roads,you re welcome,5,1
jon and jeff will be attending your tennis_activity,your tennis is on tuesday at 1pm,4,3
there isn t any rain predicted to fall in redwood_city this week,it will not be raining in redwood_city this week,4,2
midtown_shopping_center is the closest shopping_center to you would you like the address,the nearest mall is 1_miles away would you like the address,4,2
they will be there at 1pm,you are welcome,5,2
you are welcome,you are welcome,5,5
you re welcome,you re welcome,5,5
anytime,you re welcome,5,5
sending the address for the midtown_shopping_center at 338_alester_ave to your gps,gps is the quickest route to the address,3,1
did you want the current weather,what city are you interested in,5,3
today s weather forecast is foggy the low temperature of 40f and high of 60f,today in new_york is predicted to be today,3,1
your tennis match is tuesday at 11am,your tennis is on tuesday at 7pm,4,3
you re very welcome,you are welcome,5,5
you re welcome,you re welcome,5,5
not a problem,you are welcome,5,5
we re going to 338_alester_ave there is heavy_traffic but it s just 2_miles away,the is is away,1,1
ok you will headed toward stanford_shopping_center at 773_alger_dr located 4_miles away,the quickest route is the quickest route to the route to the route to the route to the route to the route to the route to the route to the route to the route to the route to the route to the route to the route to the route to the route to the route to the route to the route to the route to the route to the route to the route to the route to the route to the route to the route to the route,1,1
saturday it will snow in fresno,it will not snow in fresno this week,3,1
stanford_shopping_center is 4_miles away,the is is 383_university_ave away is away,1,1
anytime,you re welcome,5,5
glad to help,you are welcome,5,5
you re welcome drive carefully,you re welcome,5,5
there is moderate_traffic on the 4_miles route home to 56_cadwell_street,the nearest is is 1_miles away at away,1,2
you are welcome,stanford_shopping_center is welcome,1,3
your tennis_activity is on the_4th at 5pm and your sister will be attending,your tennis_activity is tennis_activity scheduled one at 9am with marie and one on monday at 4pm with your aunt,1,3
you have a conference on the_13th at 9am with hr,your conference is at 3pm,4,3
stanford_express_care is at 214_el_camino_real,the nearest hospital is stanford_childrens_health hospital is located at 214_el_camino_real,3,3
your dinner is 5pm tonight,your have dinner is on at,1,4
your football_activity is on sunday at 9am with your brother,your have a football scheduled for 3pm,1,3
good day,you re welcome,5,4
happy to help,you re welcome,5,4
you re welcome,you are welcome,5,5
we re 5_miles away from p_.f_._changs do you want to go there,there is a is away away away,1,1
taking you to p_.f_._changs,p_.f_._changs is at 113_arbol_dr,3,3
navigation set we should arrive shortly,navigation set to p_.f_._changs,4,3
there is no fog in the forecast for exeter next_week,it will not be foggy in exeter on exeter,3,3
it will be dry wednesday in new_york,it will not be dry in new_york on tuesday,4,1
the addres of p_.f_._changs is 669_el_camino_real,p_.f_._changs is at 113_arbol_dr,1,3
happy to help,you are welcome,5,5
no problem,you are welcome,5,5
here are directions to cafe_venetia,the nearest cafe is 6_miles away at 819_alma_st,3,1
what city would you like to hear this weather information for,there will be no chance of snow this week in,3,2
unfortunately there is heavy_traffic but it s just 2_miles away you should be able to reach it quickly anyway,the hope is is,1,1
the football game is on thursday,your have a football scheduled for 3pm,4,2
269_alger_dr is the location of cafe_venetia,you re welcome,5,1
it will not snow in san_mateo this week,there will be no chance of snow this week in san_mateo,3,1
you re welcome,you re welcome,5,5
you re welcome,you are welcome,5,5
okay which one i have one for the_12th at 9am and one for the_4th at 5pm,your optometrist_appointment is optometrist_appointment scheduled one at 9am with marie and one on the_18th at 10am,1,1
what city shall i check for you,what city are you want the weather the weather for,3,2
palo_alto_garage_r is at 481_amaranta_ave,the nearest parking_garage is dish_parking at 481_amaranta_ave,3,1
today is not humid in exeter it is stormy low of 40f high of 50f,it is not gonna be humid in exeter right now,5,1
you re welcome we should arrive shortly,you re welcome,5,5
i will send on your screen the quickest route sure there is heavy_traffic now and we will have to make the route slightly longer,the is is to dish_parking,1,1
you re welcome,you re welcome,5,5
you re welcome,you are welcome,5,5
sure it s 56_cadwell_street you can see it on your screen,you re welcome,5,1
the nearest one is palo_alto_garage_r it s just 1_miles away,the is is away palo_alto_garage_r away is,1,3
your home is 4_miles away but there is heavy_traffic on our way i sent the best available route on your screen,the quickest route home is home,2,3
the football game is wednesday at 10am,your football game is on friday at 1pm,4,3
you re welcome,you re welcome,5,5
you re welcome,you re welcome,5,5
you re welcome drive safely,you re welcome,5,5
my pleasure,you are welcome,5,5
your next meeting is monday at 3pm,your next meeting is at 1pm,4,2
what location would you like the weather information for,there will be clear_skies in in today,3,1
there is a travelers_lodge one miles away,the is is away away away away,1,1
today in san_jose there will be an overcast co clear_skies,there will be be clear_skies in san_jose today,3,3
gps set for shortest route,gps set for travelers_lodge and gps set,2,5
travelers_lodge 333_arbol_dr,the is is away away,1,1
no problem,anytime,5,5
have a good day,thanks re welcome,1,5
on friday the highest_temperature in mountain_view is predicted to be 50f,what will not be in in in in,1,1
your home is at 56_cadwell_street,home is 1_miles away at 5671_barringer_street,3,2
what city do you want the weather for,what city are you interested in,4,3
you have a dentist_appointment on friday at 7pm,your dentist_appointment is on the_3rd at 10am,2,3
no problem,setting gps to 56_cadwell_street now,4,1
it will be dry other than sunday and the temperatures are expected to be between 70f - 100f monday and tuesday 30f - 40f wednesday 40f - 60f thursday and 80f - 100f friday to sunday,the weather forecast for exeter in exeter exeter,2,1
you are welcome,you re welcome,5,5
anytime,you are welcome,5,5
i m afraid that cafe_venetia is the best option in this moment i sent on your screen the directions to reach there through another route,there is cafe is palo_alto_cafe and there is no_traffic on our way,1,1
for which one i have two one on the_8th at 11am and one on wednesday at 11am,your lab_appointment is on at at at on at,1,1
you got it gps set,setting gps for the route to the address,2,5
the nearer cafe is cafe_venetia it s 2_miles away and there is a car_collision_nearby,the nearest barista is 1_miles away at away would you like directions there,3,1
you re welcome,you are welcome,5,5
we re 3_miles away from midtown_shopping_center and there is no_traffic on our way,there is a is from away away,1,1
you re welcome drive safely,you re welcome,5,5
you re welcome,you are welcome,5,5
your next meeting is with your boss on the_5th at 2pm,your next meeting is at 1pm,3,3
setting navigation now for the quickest route there is a road_block_nearby so drive carefully,there is no_traffic to cafe_venetia,3,1
cafe_venetia is 2_miles away at 269_alger_dr,there is a starbucks 1_miles away,4,1
valero is at 200_alester_ave,valero is at 200_alester_ave,3,2
valero is 4_miles away,chevron is gas_station away chevron is at away,1,1
you re welcome,you are welcome,5,5
no problem,you re welcome,5,5
anytime,you re welcome,5,5
i sent the best possible route on screen but there will be heavy_traffic anyway i m sorry,i sent the route to your screen there is no_traffic on our way i sent the info on your screen,2,2
setting navigation now there is heavy_traffic on the way so drive carefully,the address is 383_university_ave,3,1
trader_joes is 2_miles away at 408_university_ave there is currently heavy_traffic on the route,there is a away from away away,1,1
what city are you wanting to know the temperature for,what city are you interested in,4,3
you re welcome,you re welcome,5,5
you re welcome drive safely,you re welcome,5,5
the lowest_temperature in fresno this week is predicted to be 60f the highest 100f,it will not be in in fresno on,1,3
no problem,you re welcome,5,5
which city are you wanting to know the weather for,what city are you interested in,4,4
what city would you like weather information about,what city are you interested in,4,4
it is not hailing in manhattan the forecast says it is dry today,it is not gonna be warm in manhattan,4,3
it will be windy tomorrow in seattle,it will not be windy in in,4,3
in san_jose it is expected to be between 40f - 60f monday and tuesday 70f - 80f wednesday 90f - 100f thursday 70f - 90f friday 30f - 40f saturday and 40f - 60f on sunday,the temperature in san_jose is on tuesday,3,3
any time,you re welcome,5,5
you are welcome,you are welcome,5,5
you are welcome,you re welcome,5,5
teavana is the fastest journey because there is no_traffic on the way there cafe_venetia has moderate_traffic should we go to teavana,there is is away,1,1
it will be cloudy with a low of 90f and a high of 100f in compton on sunday,it is not gonna be warm in compton,3,1
teavana is located at 145_amherst_st,you re welcome,5,1
what city are you interested in,what city do you want the weather for,3,5
you re welcome glad i could be of assistance,you re welcome,5,5
there is 2 tea shops near you teavana is 4_miles away and cafe_venetia is 5_miles away which one do you want,there is a starbucks nearby,5,1
i sent on your screen its position and the fastest route to get there,i sent welcome,1,1
anytime,you re welcome,5,5
your lab_appointment is on the_5th and your aunt will be attending,your lab_appointment is on the_8th at 7pm,1,2
navigating you to ravenswood_shopping_center,you re welcome,5,1
you re all set drive carefully,setting navigation to safeway now,4,1
we are 4_miles away from whole_foods and from safeway which one do you prefer,the closest grocery_store is willows_market which is 2_miles away,1,1
good day,you re welcome,5,1
there are the ravenswood_shopping_center and the stanford_shopping_center both 3_miles away do you want me to flip a coin between them or will you pick where to go,the nearest mall is 6_miles away at 792_bedoin_street,3,1
the address to ravenswood_shopping_center is 434_arastradero_rd,you re welcome,5,1
safeway is located at 452_arcadia_pl,whole_foods is 2_miles away at 409_bollard_st,3,1
what days are you interested in,what city are you interested in,4,3
the forecast says there will be snow in fresno there is no mention of clear_skies on wednesday,there will not be be in in in in,1,1
the lab_appointment is schedule for 2pm on the_5th and your aunt will be attending,you are welcome,5,1
there is cafe_venetia that s 4_miles away at 269_alger_dr,there is a away from away,1,1
it will be stormy on monday the lowest_temperature on tuesday hot on wednesday the hottest temperatures on thursday and friday snow on saturday and clear_skies on sunday in durham,it will not be in in in in,1,1
you re welcome,you re welcome,5,5
you are welcome,you re welcome,5,5
you are welcome,it will not snow in durham on sunday,5,1
taking you home,the address is 56_cadwell_street,5,1
there is no_traffic on our route i ve set the navigation there,there is no_traffic to cafe_venetia,4,2
your gps has been set for home,setting gps to 56_cadwell_street now,4,3
the weather forecast for oakland does not show rain right now,it is not raining in oakland now,4,3
what city would you like weather information about,what city do you want the weather for,4,3
your address is 5671_barringer_street we re 3_miles away from home now,your home is at 56_cadwell_street,4,1
you re welcome,you re welcome,5,5
you re welcome happy to help,you re welcome,5,5
gps set and have a great day,setting navigation to whole_foods now,4,4
the quickest route to whole_foods at 819_alma_street does not have any traffic,the is is away at away,1,1
tell me what city you would like to know about snow today,what city are you interested in,4,3
whole_foods is 4_miles away,there is a is from away away,1,1
coupa is 5_miles away,there is a starbucks 1_miles away,5,1
it will not snow in cleveland today,it will not snow in cleveland cleveland today,3,3
you are welcome,you are welcome,5,5
you are welcome,you are welcome,5,5
there is the midtown_shopping_center 3_miles away and no_traffic on the route set this destination on your gps,the nearest mall is town_and_country,1,1
the_westin is 6_miles away,hotel_keen is located at,2,1
navigating to the_westin,hotel_keen is located at,2,1
i will pick the shortest route available for you don t worry do you want to get the info on your screen,palo_alto_cafe is located at away,2,1
setting gps to midtown_shopping_center anything else,the address is 383_university_ave,4,1
the address is 329_el_camino_real,you re welcome,5,1
no problem,you re welcome,5,1
i sent the route on your screen you re welcome,you re welcome,5,3
there is valero 7_miles away with moderate_traffic on our way,valero is 2_miles away at 783_arcadia_pl,3,2
the_westin is located 7_miles away with no_traffic setting directions now to 329_el_camino_real,the comfort_inn is 6_miles away at 333_arbol_dr,2,1
setting navigation now,you re welcome,5,1
there is moderate_traffic on our way i sent the route on your screen,i sent the route to your screen the route to reach there is no_traffic on our way,3,2
you re welcome happy to be of assistance,gps set to,3,1
your next lab_appointment is next monday at 2pm,your lab_appointment is on the_8th at 7pm,3,2
valero is at 200_alester_ave,valero is at 200_alester_ave,3,5
you re welcome,you re welcome,5,5
i sent all the info on your screen drive carefully,there is no_traffic to home,3,1
there is currently snow in san_francisco,what city are you interested in san_francisco,3,3
there is heavy_traffic in this moment but we re just 1_miles away it shouldn t take too long to reach there,home is 1_miles away,3,3
what city can i check for snow for you,it will not snow in in this week,3,1
you re welcome,you re welcome,5,5
you are welcome,you re welcome,5,5
happy to help,you are welcome,5,5
snow is predicted to fall on saturday in alameda,it will not snow snow in alameda,3,2
ok driver making a route to willows_market and avoiding the car accident,setting navigation to 819_alma_st now,3,1
yes it is hope you can have your coffee soon,there is no_traffic to teavana,4,1
we re 3_miles away from willows_market but there is a car_collision_nearby,the closest grocery_store is willows_market which is 2_miles away,2,2
i m sorry but there are no other options nearby,the next is is is now,1,1
you are welcome driver,you re welcome,5,5
the starbucks is located at 792_bedoin_street setting navigation now,you re welcome,5,1
the nearest starbucks is 3_miles away there is a road block on its way so i already sent on your screen another route to reach faster,there is no starbucks nearby,3,3
you re welcome,you are welcome,5,5
i sent the info and the quickest info on your screen you re welcome,the address is 481_amaranta_ave,3,1
your boss will be at the meeting on monday at 1pm,your meeting is at 3pm at 1pm,3,2
the nearest parking_garage is palo_alto_garage_r it s 1_miles away navigate you there,the closest parking_garage is palo_alto_garage_r it s 2_miles away,2,3
on friday on san_francisco the weather will be dry with a high of 80f,there will not be be in san_francisco on san_francisco,2,3
what city can i give you the weather forecast for,what city do you want the weather forecast for,3,4
you re welcome drive safely and enjoy,you re welcome,5,5
happy to help,you are welcome,5,5
anytime,you re welcome,5,5
your conference is set for monday with your boss to go_over_budget,your conference is at 3pm at 6pm with the at,3,2
today is gonna be dry on oakland,it will not be humid in oakland today,4,1
the conference is with your boss,you re welcome,5,1
jack lives at 864_almanor_ln,the nearest is away is away away at away,1,1
you re welcome,you re welcome,5,5
no problem,you re welcome,5,5
you re welcome don t forget it s held in conference_room_102,you re welcome,5,1
you re welcome,jack s house is 1_miles away at 347_alta_mesa_ave,3,5
for which one i have two one at 6pm and one at 3pm,your conference is at 3pm at 6pm with the and one at 6pm with the and one on the,1,1
i m sorry chevron is the only gas_station i am able to locate,valero is at 200_alester_ave,3,1
the travelers_lodge is closest to you at 6_miles away in moderate_traffic would you like directions there,the nearest is away is away away away,1,1
i m setting the gps for 333_arbol_dr,you re welcome,5,1
the event is on sunday at 6pm in conference_room_102 and management will be attending,the conference is on the at on on,1,2
chevron is 6_miles away,chevron is located at 783_arcadia_pl,4,3
no problem goodbye,you re welcome,5,5
you are welcome,you re welcome,5,5
setting directions to 434_arastradero_rd now,setting navigation now,5,3
stanford_express_care is 7_miles away though there is a car_collision_nearby would you like directions there,stanford_express_care is located at 214_el_camino_real,3,3
would you prefer stanford_shopping_center which is 7_miles away with no_traffic or ravenswood_shopping_center which is 1_miles away with a road_block_nearby,the nearest mall is from away at away,1,1
its address is 783_arcadia_pl i sent it on your screen,valero is at 200_alester_ave,3,1
you are welcome,you re welcome,5,5
okay heading to 214_el_camino_real,the nearest hospital is stanford_childrens_health at,4,1
you re welcome drive safely,you re welcome,5,5
no problem,you re welcome,5,5
the closest is pizza_chicago 5_miles away at 915_arbol_dr would you like directions there,the nearest is is 1_miles away at away,2,1
here is the shortest route to pizza_chicago,the is the closest is is away at,1,1
the closest parking_garage is civic_center_garage located 4_miles away at 270_altaire_walk,the closest parking_garage is palo_alto_garage_r it s 2_miles away,4,3
there is a chef_chu_s and a tai_pan,there is a panda_express 1_miles away,4,1
that would be chef_chu_s,there is a is away,1,1
chef_chu_s is at 593_arrowhead_way,chef_chu_s is located at 593_arrowhead_way,3,3
you re welcome,you re welcome,5,5
you re welcome,you re welcome,5,5
in what city are you asking,what city are you want the the weather for,4,3
it will be cloudy but not foggy in redwood_city on tuesday,it will not be foggy in redwood_city on sunday,5,3
tom lives at 580_van_ness_ave,the is 1_miles away from away,1,1
i did you re welcome,you re welcome,5,1
you re very welcome,you re welcome,5,5
you re welcome,you re welcome,5,5
glad i could help out,you are welcome,5,5
the temperature in durham will be lowest_temperature low of 70f high of 90f tuesday highest_temperature low of 40f high of 60f thursday,the temperature in durham is the low of the high,1,2
this week the highest_temperature in cleveland will be 100f on saturday,what will be be in in cleveland on on,1,2
hotel_keen is a rest_stop located 3_miles away there is a car_collision_nearby but should delay you to long,the nearest is is 1_miles away at away,2,1
friday at 3pm,your next conference is on tuesday at 6pm,3,1
you will find starbucks at 792_bedoin_street,the address is 792_bedoin_street,3,3
the address for hotel_keen is 578_arbol_dr 3_miles away with a car_collision_nearby,the is is the route to the,1,1
we re 5_miles away from starbucks do you like their tea,there is no starbucks nearby,5,1
you re welcome,you are welcome,5,5
you re welcome,you re welcome,5,5
there will be no drizzle in redwood_city this weekend,there will be be drizzle in redwood_city this weekend,3,1
for what city are you interested in,what city are you interested in,4,3
i sent the quickest route on your screen,setting navigation to the quickest route to set,4,2
it will not be windy in cleveland next_week,it will not be windy cleveland cleveland cleveland,4,3
if you drive carefully it will be for sure,you re welcome,5,1
you re welcome drive safely,you re welcome,5,5
no problem,you re welcome,5,5
no problem,no problem,5,5
i m sorry i did and i sent the address on your screen drive carefully,you re welcome,5,1
does stanford_express_care have heavy_traffic nearby,stanford_express_care is located at 611_ames_ave,5,3
does stanford_express_care have heavy_traffic nearby,stanford_express_care is located at 611_ames_ave,5,3
yes stanford_childrens_health is 1_miles away with no_traffic do you want the address,no problem,5,1
your agenda for your meeting today is go_over_budget,the meeting is is scheduled at 10am,4,1
you have an optometrist_appointment today at 1pm,your have is today,1,1
stanford_express_care is nearby,the hospital hospital is located at 214_el_camino_real,4,1
the travelers_lodge is located 4_miles away at 333_arbol_dr would you like directions there,the is is away the_westin,1,1
what city do you want the weather for,what city are you interested in,3,3
it won t be overcast or cloudy at all this week in carson,it will not be overcast in carson this week,3,3
ok i am setting gps for 333_arbol_dr,the is is away,1,1
grand_rapids on friday will be windy between 60f - 70f,it is not in grand_rapids in,1,2
is there a specific day you would like me to check the weather in grand_rapids for,what city are you in in grand_rapids the weather,3,2
you re welcome have a great day,you re welcome,5,5
you are welcome,you re welcome,5,5
you are welcome,you re welcome,5,5
currently you are taking_medicine on two occasions one is on the_13th at 4pm with your mother the other is on monday at 11am with marie,your have two medicine scheduled one at 3pm,1,2
what city are you asking about,what city are you interested in,3,3
tomorrow will not be hot in atherton it will be dry low of 30f high of 50f,it will not be hot in atherton tomorrow,3,3
you re welcome,you re welcome,5,5
palo_alto_cafe is 4_miles away and serves coffee and tea do you want the address,there is a starbucks nearby,5,1
you re welcome,you re welcome,5,5
no problem,you re welcome,5,5
palo alto is located at 436_alger_dr,the address is 792_bedoin_street,3,1
coupa is nearby and serves tea,the is is away away the_westin,1,1
what city do you want to hear the forecast for,what city are you interested in,3,3
it must have been a hard day for you if you don t remember the address of your home 56_cadwell_street i was kidding don t crash me please,your home is at 10_ames_street,3,1
which appointment would you like the date for,your have is on,1,1
your friends house is on 5677_southwest_4th_street there is moderate_traffic on our way but we re just 1_miles away,jill s house is at 864_almanor_ln,3,1
you re welcome,you re welcome,5,5
it will be overcast today and stormy tomorrow in mountain_view,it will not be today in mountain_view today,1,3
you re welcome,you are welcome,5,5
ok initiating navigation,you re welcome,5,1
what city are you interested in the forecast for,what city are you interested in,4,3
no but palo_alto_cafe is just 1_miles away and has moderate_traffic so we should be able to get there quicker how does that sound,there is is,1,1
what city do you want the weather for,what city are you interested in,4,3
coupa s address is 394_van_ness_ave,coupa is located at 333_arbol_dr and the address is 465_arcadia_pl,4,3
moderate_traffic to coupa,the is is away and the_clement_hotel,1,1
it will snow in los_angeles tomorrow with a low of 70f and a high of 90f,it will not be in los_angeles los_angeles,3,3
no problem,you re welcome,5,5
in new_york it will be raining monday and tuesday snowing wednesday windy on thursday frost on friday dew on saturday and overcast on sunday,what city are you interested in weather for new_york,2,1
you re welcome patience,no problem,1,5
what city are you inquiring about,what city are you interested in,3,3
the weekly forecast does not show that there will be a blizzard in durham this week,there will be a blizzard blizzard in durham,1,2
what would you like to know about the weather in durham,it will not be in in in in,1,1
this week in cleveland the weather will be clear_skies on monday dew on tuesday stormy on wednesday drizzle on thrusday cloudy on friday overcast on saturday and raining on sunday,it will not be in cleveland cleveland this week,1,1
not a problem,you re welcome,5,5
you re very welcome,you re welcome,5,5
there is a safeway 2_miles away would you like to get its address,the nearest grocery_store is whole_foods which is 2_miles away,1,1
there is no_traffic on the 6_miles route to philz enjoy,there is a philz,1,3
yes the forecast calls for rain in new_york today,it will not rain in new_york today,3,2
what city would you like weather information about,it will not raining today in,3,1
philz serves coffee and is 6_miles away at 583_alester_ave,there is a starbucks nearby,3,1
no problem,you are welcome,5,5
you re welcome,you re welcome,5,5
safeway is at 452_arcadia_pl,the address is at 408_university_ave,3,1
the only route to stanford is reporting a road block but i am finding you the quickest route to 214_el_camino_real,you re welcome,5,1
the only route has moderate_traffic is that going to be okay,you re welcome,5,1
safeway is the only grocery_store listed it has moderate_traffic will that be ok,you re welcome,5,1
the only nearby hospital is stanford_express_care which is 5_miles away,the nearest hospital is from stanford_childrens_health which is 2_miles away,3,3
setting destination now,gps set welcome,3,4
there is currently a road_block_nearby on the 5_miles route to stanford_express_care,the is at 899_ames_ct at,1,1
you re welcome drive safely and take care,you re welcome,5,5
you re welcome,setting gps now,5,5
your meeting is on wednesday at 3pm in conference_room_100,your meeting is at 3pm at 10am,5,2
monday in fresno will have the highest_temperature of 90f,what will be be in in in on in,1,1
on thursday the temperature in alhambra will be low of 20f and high of 30f,there will be be in in alhambra on in,1,1
the agenda for your meeting is to discuss_the_merger,your meeting is meeting at 1pm,2,2
you re welcome,you are welcome,5,5
home is listed as 56 caldwell street,there is a is 1_miles away,3,1
you are welcome,you re welcome,5,5
happy to help,no problem,1,5
what city are you interested in,what city are you interested in,4,5
setting quickest route home now,there is a is away is away it s house,1,1
it appears as if there will be a low of 40f and a high of 50f,what city are you in in in,3,1
tomorrow in fresno it will rain,there will be be hail hail tomorrow in fresno tomorrow,2,2
no hail in fresno tomorrow there will be rain,no problem,1,1
you re welcome,you re welcome,5,5
anytime,you re welcome,5,5
until next time,no problem,1,5
for what city,what city are you interested in,3,2
it is cloudy in redwood_city today,it will not be snowing right now,5,1
hr will be at the friday meeting,the meeting is on friday at 10am,3,3
which location do you want to know the current temperature of,what city are you interested in,3,2
you are welcome,you re welcome,5,5
in downtown_chicago it will be humid on monday snow on tueday dry on wednesday frost on thursday drizzle on friday clear_skies on saturday and sunday,what days are you interested in,2,1
you are welcome,you are welcome,5,5
the temperature in alameda now is low 60f and high 80f,it will not be in alameda alameda alameda,1,2
it will not be warm in grand_rapids on saturday,it will not be warm in grand_rapids on,3,3
we re 3_miles away from topanga_mall and there is heavy_traffic on its way,the nearest mall is town_and_country,1,1
you will find topanga_mall at 171_oak_rd,the is is 383_university_ave,1,1
no it is not snowing in redwood_city today,not a problem,1,1
bye,you re welcome,5,5
setting navigation now,you re welcome,5,1
happy to help,you re welcome,5,5
you re welcome drive safely,you re welcome,5,5
i sent the fastest route on your gps drive carefully,gps set for safeway,3,4
is there a specific day you would like to know the weather for in new_york,what city are you interested in,3,1
it will be dry and between 30f - 50f friday in new_york,it is not in the weather in new_york,1,1
there is a safeway 4_miles away,sigona_farmers_market is at 408_university_ave,1,1
safeway is located at 452_arcadia_pl with a road_block_nearby,the address is 408_university_ave,2,1
you re welcome,you re welcome,5,5
you are welcome,you re welcome,5,5
no problem,bye,5,5
which one i have two one with your father on the_3rd and one with tom on the_9th,your doctor_appointment is scheduled for 3pm at 3pm,3,1
the nearest one is midtown_shopping_center but there is a road_block_nearby there is also ravenswood_shopping_center 2_miles farther but with no_traffic on its direction,the nearest mall is from away at away,2,1
setting directions to 434_arastradero_rd,the is is away,1,1
what city do you wanna know if it will snow today,what city are you want the,1,3
today is gonna be warm in oakland,it will not snow snow for oakland today,2,1
the appointment on the_9th is at 3pm,you are welcome,5,1
no problem,you re welcome,5,5
no problem,you are welcome,5,5
tomorrow in seattle is looking warm with a low of 70f and a high of 90f no sign of fog,it will not be foggy in today today or tomorrow,3,1
what city are you wanting to know the weather for,what city are you interested in,4,3
okay what city should i look in,what city are you want the weather for,4,3
home is where is your heart is at 56_cadwell_street,home is 1_miles away,4,2
during the week it will be cloudy in grand_rapids only today,the weather forecast for rain in grand_rapids next_week,3,2
you re welcome always happy to help,you re welcome,5,5
no problem,no problem,5,5
glad i could help out,you re welcome,5,5
i sent the info on your screen drive carefully,you re welcome,5,1
you are 3_miles away from home with heavy_traffic noted,the address is 56_cadwell_street,1,1
what city do you want the weather forecast for,what city do you want the weather for,4,3
your doctorappointment is scheduled for friday at 11am,your doctorappointment is at 1pm,3,3
you are welcome driver,you re welcome,5,5
there is a shopping_center 3_miles from you the address is 338_alester_ave would you like directions,the topanga_mall is 2_miles away,3,1
glad to help,you re welcome,5,5
setting navigation to the midtown_shopping_center there is a car_collision_nearby so drive carefully,the address is 383_university_ave,1,1
there will be heavy_traffic sorry,i sent the route on your screen drive carefully,5,1
chef_chu_s is the only chinese_restaurant but here is heavy_traffic,there is a is away away away away away away away,1,1
are you talking about the doctor_appointment on wednesday or the one on the_5th,your have two doctor_appointment scheduled one at on one at with with with and on one at on one at with with and on one at on one at on one at on one at with,1,2
your doctor_appointment on the_5th is at 6pm with alex,you re welcome,5,3
chef_chu_s is at 593_arrowhead_way,chef_chu_s is located at 593_arrowhead_way,2,3
today in downtown_chicago there should be hail with a high of 70f,it will not be be downtown_chicago in today,2,3
your doctor_appointment on wednesday is at 7pm with your father,your doctor_appointment is on on at on,1,3
you re welcome,you re welcome,5,5
you will find pizza_chicago at 915_arbol_dr it is 2_miles away without any traffic,pizza_my_heart is the only pizza is 4_miles away and there is no_traffic on the route to the address,1,2
the nearest pizza_restaurant with no_traffic is 3_miles away at 113_anton_ct do you want to go to the round_table,the nearest pizza_restaurant is round_table 4_miles away with no_traffic,3,2
fastest route being programmed for pizza_chicago,pizza_my_heart is welcome,1,3
it is located 2_miles away with moderate_traffic en route,there is a car_collision_nearby,5,
i have located a parking_garage 2_miles away at 880_ames_ct called webster_garage,there is a parking_garage 1_miles away,3,
you re welcome,you re welcome,5,5
no problem,you re welcome,5,
you re welcome,you re welcome,5,5
there is moderate_traffic on our way and you should be able to reach there fast i sent all the info on your screen drive carefully,the address is 214_el_camino_real,2,1
what city do you need the 2 day temperature for,what city are you interested in,3,3
it is cloudy right now in cleveland,it will not be cloudy in cleveland today,3,2
the palo_alto_medical_foundation is 4_miles away at 611_ames_ave would you like directions there,the closest hospital is stanford_childrens_health at is,2,2
you re welcome,you re welcome,5,5
you re welcome,you re welcome,5,5
in grand_rapids it will be 50f - 70f today and 20f - 40f tomorrow,it will not be grand_rapids in grand_rapids tomorrow,2,2
you re welcome,you re welcome,5,5
your next meeting is on monday at 7pm with the infrastructure_team to go_over_budget,the next meeting is at 1pm,1,1
i have two which one i have one for the_14th at 6pm and one for the_12th at 7pm,your swimming_activity is at 3pm at 3pm,2,1
no the only route available has heavy_traffic i m sorry,the address is at away,1,1
whole_foods located at 819_alma_st is 1_miles away although there is a car_collision_nearby,the nearest grocery_store is willows_market which is 2_miles away,3,1
home is 5_miles away at 5671 barringer street,the nearest is is 1_miles away at away,3,1
sorry about it enjoy some music in the meantime,you re welcome,5,1
you re welcome,no problem,1,5
anytime,you have two swimming_activity scheduled one on monday at 10am and one on the_20th with tom and one on the_20th,1,1
then let s go at palo_alto_garage_r i sent the info on your screen,setting navigation now,5,1
chef_chu_s is 5_miles away,chef_chu_s is 1_miles away at 593_arrowhead_way,3,3
the current route is the quickest,there is no_traffic to whole_foods,4,1
yes i have one listed that is 1_miles away,there is a parking_garage 1_miles away,4,1
gps set happy to assist you,gps set the gps to the gps is set,1,3
there is currently no_traffic,chef_chu_s is located at 593_arrowhead_way,1,1
you are welcome,you re welcome,5,5
you re welcome,you re welcome,5,5
your lab_appointment is at 7pm with jon and another one at 2pm with alex,your lab_appointment is on the_8th at 7pm,3,2
you have two dentist_appointment one with your aunt and one with your sister both on monday,your dentist_appointment is on the_3rd at 10am with your sister,3,3
what city are you wanting to know the weather for,what city are you interested in,3,3
glad i can assist you,you are welcome,5,5
you have two swimming_activity scheduled one on wednesday at 5pm and the other on the_5th at 4pm,your have a doctorappointment,3,1
no problem,you are welcome,5,5
anytime,you re welcome,5,5
in los_angeles it is going to be hot today with a low of 40f and a high of 60f tomorrow will be rainy with a low of 40f and a high of 60f,in los_angeles it will be cloudy today and tomorrow,4,2
coupa is 1_miles away with heavy_traffic it shouldn t take us long it s located at 394_van_ness_ave,there is no_traffic to starbucks,3,1
what day would you like the forcast for,it will not be dry in redwood_city,4,1
there are no starbucks around here but we re 4_miles away from cafe_venetia is it okay to go there,the nearest starbucks is 1_miles away,4,2
i sent the address with the fastest route on screen drive carefully,the is is 792_bedoin_street,1,1
i am unable to locate starbucks there is a coffee_or_tea_place called coupa miles away,there nearest starbucks is starbucks,2,1
you re welcome,you re welcome,5,5
it will not be dry in redwood_city next_week,it will not be dry in redwood_city,4,3
my pleasure,you are welcome,5,5
setting navigation to 1313_chester_ave now there is a road_block_nearby so drive carefully,the address is 638_amherst_st away is at,1,1
hacienda_market is the closest grocery_store 1_miles away,the nearest grocery_store is willows_market which is 2_miles away,3,1
the weather forecast predicts that it will be stormy in los_angeles on sunday,it will not be windy in los_angeles on sunday,3,1
where are you wanting to know if it s going to rain or not,it will not rain in in,2,1
it is not going to rain in san_francisco this week,it is not predicted to rain in san_francisco,2,2
you are welcome,you re welcome,5,5
no problem,anytime,1,5
no problem,you re welcome,5,5
navigating to palo_alto_garage_r,there is a is at away,1,1
for which one i have two one at 7pm the_8th and one at 10am the_1st,your dentist_appointment is on the_3rd at 10am with at on and on on,2,1
monday will be foggy with low s of 30f and high s of 40f similar heh,it will not be cloudy in manhattan on monday,3,1
there s a parking_garage 2_miles away would you like the name and address of it,the nearest is is 1_miles away at away,2,1
what city are you asking about,what city are you interested in,3,3
you re welcome,you are welcome,5,5
no problem,you re welcome,5,5
no problem,you re welcome,5,5
you have four yoga_activity scheduled one on monday with alex two on friday with sister and one with marie and one on the_17th with martha,your yoga_activity is yoga_activity scheduled one at 9am with marie and one on the_16th at 10am with your aunt,3,2
your next tennis_activity is on the_4th at 5pm with your mother,your next tennis_activity is on monday at 7pm,3,3
the weather in cleveland on thursday will have dew and a high of 30f,what city are you in cleveland cleveland,3,3
i did and i sent the info on your screen drive carefully,you re welcome,5,1
the nearest hotel is hotel_keen it s 3_miles away do you want its address,the nearest hotel is the_westin 4_miles away,3,2
you are welcome,you are welcome,5,5
anytime,you re welcome,5,5
glad i can help,you are welcome,5,5
your tennis_activity is set for 11am with jon in attendance,your tennis_activity is scheduled for tennis_activity with your mother,3,3
what city would you like to know the weather about,what city are you interested in,3,3
i picked the best route for you drive carefully,you re welcome,5,1
it is not predicted to drizzle any today or tomorrow in durham,it will not drizzle in durham today,3,2
578_arbol_dr there is no_traffic and you should arrive in a couple minutes,hotel_keen is at 578_arbol_dr,3,1
you re welcome,you re welcome,5,5
anytime,you re welcome,5,5
happy to help,you are welcome,5,5
in san_mateo it will be stormy on saturday and hail on sunday,what city are you in in,2,1
yes it is,the is is 383_university_ave and the route to the address,1,1
it will be warm in san_francisco tomorrow it should not be windy,it will not be windy in san_francisco san_francisco,3,1
we are 3_miles away from town and county shopping_center does it sound good to you,the closest mall is town_and_country,3,1
town_and_country is located at 383_university_ave,the is is 383_university_ave and the route to the address,1,1
you re welcome,you are welcome,5,5
no problem,you re welcome,5,5
have a good day,town_and_country is welcome,1,1
the route to 773_alger_dr set to the quickest possible,you re welcome,5,1
stanford_shopping_center is the only nearby shopping_center,the topanga_mall is 2_miles away at 773_alger_dr,3,2
dew is predicted in danville on thursday,there will be be clear_skies in danville on thursday,2,2
there is a car_collision_nearby stanford_shopping_center,the is is 383_university_ave,1,1
what city do you want to know if it s going to rain or not,what city are you interested in,3,3
you re welcome,you re welcome,5,5
there is no rain in fresno today but it will be cloudy,you are welcome,5,1
you are welcome,you re welcome,5,5
you have 4 doctor_appointment scheduled marie on the_15th your brother on wednesday your mother on the_20th and ana on the_12th,your doctor_appointment is scheduled for one at 2pm,2,2
the one at 6pm with jon is on the_11th,your next dinner event is on friday at 5pm,3,1
there is no starbucks listed locally but i have another coffee shop listed would you like the address to it,the nearest starbucks is 1_miles away,3,1
glad i can help,you are welcome,5,5
the destination is 4_miles away in no_traffic,you re welcome,5,5
my pleasure goodbye,you are welcome,5,5
then let s go at cafe_venetia 269_alger_dr,there is no starbucks,5,1
anytime,you are welcome,5,5
you are welcome,you re welcome,5,5
the_clement_hotel is 8_miles away at 657_ames_ave,the nearest hotel is the_westin 4_miles away,3,1
there is currently moderate_traffic on the way to the hotel setting directions now,the is is the four_seasons,2,1
what city can i give you this weather information for,there will not snow in in in,2,1
it will not be warm in compton on wednesday,it will not be warm in compton on,3,3
snow is predicted to fall in san_jose on thursday this week,it will not snow in san_jose on,3,2
you re welcome,you re welcome,5,5
you are very welcome,you re welcome,5,5
i did i did you re welcome,you re welcome,5,4
safeway is located at 452_arcadia_pl and navigation is set,the address is 792_bedoin_street,3,1
the nearest grocery_store is located 6_miles away at 452_arcadia_pl,the nearest grocery_store is 1_miles away at away would you like directions there,3,2
what location do you want to know if it will snow,what city do you want the weather for,4,3
your doctor_appointment is on monday at 2pm,your doctorappointment is at 1pm,3,3
it will snow on tuesday in mountain_view,it will not snow snow in mountain_view,4,2
anytime,you are welcome,5,5
no problem,anytime,1,5
i m sorry the only route home has heavy_traffic it will be a 7_miles drive to 10_ames_street,the address is 56_cadwell_street,3,1
your dinner is on tuesday with your sister,your dinner dinner is scheduled one with alex,1,2
there is not gonna be any blizzard this week in alhambra on tuesday it will rain,it will not be be in alhambra in,1,3
you have two yoga_activity scheduled one on monday at 5pm and another on the_5th at 4pm,your yoga_activity is yoga_activity scheduled one at 9am with marie and one on tuesday at 4pm,3,3
you re very welcome,you re welcome,5,5
have a great day,you are welcome,5,5
you are very welcome,you re welcome,5,5
you re welcome,you are welcome,5,5
it will not be foggy in fresno in the coming days,it is not foggy in fresno today today and tomorrow,3,3
it will not drizzle in cleveland tomorrow,there will not be drizzle in cleveland tomorrow,3,5
for what city would you like today and tomorrow s weather for,what city do you want the weather for,4,3
what location do you want me to check if it will be rainy,what city are you want to know if it will rain,1,1
next_week it will rain on saturday in los_angeles,it will not be rain in los_angeles los_angeles,3,1
you re welcome,you re welcome,5,5
anytime,you re welcome,5,5
no problem,anytime,1,5
your next appointment with your optometrist is tuesday at 11am,your eye is at 1pm on thursday at 2pm,1,1
you have four football_activity scheduled one on monday at 6pm with alex one on the_13th at 9am with alex one on wednesday at 1pm with jeff and one on saturday at 5pm with ana,your football_activity is scheduled for football_activity,1,2
what city do you want the weather for,what city do you want the weather for,3,3
where should i check for snow,what city are you interested in,4,2
no problem my driver,you re welcome,5,1
there are no clouds in fresno right now,it will not be cloudy in fresno right now,4,3
anytime,no problem,5,5
there will be no snow in corona this week,it will not snow snow in corona corona,3,4
what city are you wanting to know the temperature for,what city are you interested in,4,4
the address is 383_university_ave i sent it on your screen,you re welcome,5,1
setting gps for fastest route with no_traffic,you re welcome,5,1
navigating you to town_and_country,the nearest mall is at away it s is,1,1
you re welcome and we should be there soon,goodbye,5,1
no problem,you re welcome,5,1
it will be between 60f - 70f today and 30f - 40f tomorrow in seattle,it will not be in in in in,1,1
you re welcome,you are welcome,5,5
i ve set the gps to stanford_shopping_center 773_alger_dr it s 2_miles away,the nearest shopping_center is town_and_country,1,3
what city would you like the 7 day forecast for,what city do you want the weather for,4,3
what city are you wanting to know if it s going to rain,it will not rain rain in,1,1
it should not be humid in compton next_week,it will not be humid in compton,2,3
it will rain on wednesday in redwood_city,it will rain on saturday in redwood_city,3,2
no problem so long,you re welcome,5,5
anytime,you are welcome,5,5
you re welcome,you re welcome,5,5
you have 3 optometrist_appointment scheduled one with marie on the_2nd martha on saturday and your brother on the_16th,your optometrist_appointment is optometrist_appointment scheduled one at 9am with marie and one on the_18th at 9am,1,3
it will be stormy and hailing in san_francisco in the next two_days,it will not be warm in san_francisco san_francisco,3,3
there isn t any traffic to pizza_my_heart at 528_anton_ct it will be a 6_miles drive,the nearest pizza_restaurant is round_table away 4_miles away,4,2
quickest route with no_traffic set for pizza_my_heart have a great day,setting navigation now,5,1
where are you interested in,what city are you interested in,5,3
in camarillo it will be stormy on tuesday,it will not be stormy in camarillo camarillo,3,3
you re welcome,you are welcome,5,5
happy to help,you re welcome,5,5
panda_express is at 842_arrowhead_way with no_traffic noted,the address is at is at there is no_traffic,1,1
there is a panda_express 3_miles from you as well as a pizza_hut 5_miles from you,there is a is from away away,1,1
i sent the info on your map drive carefully,setting navigation to panda_express now,4,1
no problem,you re welcome,5,5